bank_name,quarter,anom_score,systemic_score,adjusted_score,is_anomaly,known_event,known_event_label
JPMorgan Chase and Co,03/31/2001,0.45978884113002266,0.47790441621265356,-0.018115575082630897,0,False,
JPMorgan Chase and Co,06/30/2001,0.4463978555600079,0.4608965458725487,-0.014498690312540807,0,False,
JPMorgan Chase and Co,09/30/2001,0.4461530599422318,0.46019233804834914,-0.014039278106117326,0,True,9/11 Terrorist Attacks - market-wide shock
JPMorgan Chase and Co,12/31/2001,0.4651679219998542,0.4750690940556301,-0.009901172055775898,0,False,
JPMorgan Chase and Co,03/31/2002,0.4570304313523478,0.45800674293888555,-0.0009763115865377703,0,False,
JPMorgan Chase and Co,06/30/2002,0.4332130387954744,0.4490752063008432,-0.015862167505368785,0,False,
JPMorgan Chase and Co,09/30/2002,0.4495534115153296,0.4514105567202559,-0.0018571452049262471,0,False,
JPMorgan Chase and Co,12/31/2002,0.46094954282923983,0.4594729024130177,0.0014766404162221414,0,False,
JPMorgan Chase and Co,03/31/2003,0.4465832499810412,0.4464104964741026,0.00017275350693862768,0,False,
JPMorgan Chase and Co,06/30/2003,0.43598003292396376,0.4350890148121805,0.0008910181117832705,0,False,
JPMorgan Chase and Co,09/30/2003,0.4370791106836567,0.4393571751009215,-0.0022780644172648024,0,False,
JPMorgan Chase and Co,12/31/2003,0.4572902975343241,0.4520999709285122,0.0051903266058119235,0,False,
JPMorgan Chase and Co,03/31/2004,0.44905869406490234,0.4394557412349399,0.00960295282996243,0,False,
JPMorgan Chase and Co,06/30/2004,0.44089001596118815,0.42919172507726056,0.011698290883927598,0,False,
JPMorgan Chase and Co,09/30/2004,0.44181741626234905,0.4332465936870219,0.008570822575327153,0,False,
JPMorgan Chase and Co,12/31/2004,0.4534831796345497,0.4459323778769609,0.007550801757588821,0,False,
JPMorgan Chase and Co,03/31/2005,0.42837426933555833,0.42794921535202723,0.00042505398353109847,0,False,
JPMorgan Chase and Co,06/30/2005,0.42011257803981655,0.4230075910768948,-0.002895013037078231,0,False,
JPMorgan Chase and Co,09/30/2005,0.42918637169001944,0.4286067772747504,0.000579594415269058,0,False,
JPMorgan Chase and Co,12/31/2005,0.4608446685237641,0.45208126981449964,0.008763398709264458,0,False,
JPMorgan Chase and Co,03/31/2006,0.43181614758679365,0.42918743243594726,0.0026287151508463946,0,False,
JPMorgan Chase and Co,06/30/2006,0.41982297806747154,0.42136163202731686,-0.0015386539598453153,0,False,
JPMorgan Chase and Co,09/30/2006,0.43802708137240853,0.4396468606912505,-0.0016197793188419407,0,False,
JPMorgan Chase and Co,12/31/2006,0.4404297251539068,0.4616830086226451,-0.021253283468738282,0,False,
JPMorgan Chase and Co,03/31/2007,0.4256640568351773,0.43459101646789955,-0.008926959632722276,0,False,
JPMorgan Chase and Co,06/30/2007,0.43246579074955155,0.4380644250271361,-0.005598634277584558,0,False,
JPMorgan Chase and Co,09/30/2007,0.43938660193085083,0.4482863153810733,-0.008899713450222446,0,False,
JPMorgan Chase and Co,12/31/2007,0.4647928871775186,0.4874505716048915,-0.022657684427372926,0,False,
JPMorgan Chase and Co,03/31/2008,0.45340045697636094,0.4633468365940845,-0.009946379617723544,0,False,
JPMorgan Chase and Co,06/30/2008,0.4653359868819416,0.4658220271636869,-0.00048604028174531466,0,False,
JPMorgan Chase and Co,09/30/2008,0.48788437157208875,0.48249051067891635,0.0053938608931723975,0,False,
JPMorgan Chase and Co,12/31/2008,0.5149002763405945,0.5327070732180137,-0.01780679687741915,1,False,
JPMorgan Chase and Co,03/31/2009,0.47340179685030703,0.5271933551797703,-0.05379155832946325,0,False,
JPMorgan Chase and Co,06/30/2009,0.46161173581221815,0.5019582290242618,-0.040346493212043644,0,False,
JPMorgan Chase and Co,09/30/2009,0.4731276135083019,0.5091324165034449,-0.03600480299514297,0,False,
JPMorgan Chase and Co,12/31/2009,0.4827905030085129,0.5245247209386527,-0.04173421793013976,0,False,
JPMorgan Chase and Co,03/31/2010,0.4752663414429266,0.48047754424113126,-0.005211202798204639,0,False,
JPMorgan Chase and Co,06/30/2010,0.47146419399150996,0.47128845744196335,0.00017573654954661233,0,False,
JPMorgan Chase and Co,09/30/2010,0.4764798094717727,0.4790304891653259,-0.002550679693553215,0,False,
JPMorgan Chase and Co,12/31/2010,0.4957840816207398,0.4959686278163835,-0.0001845461956437311,0,False,
JPMorgan Chase and Co,03/31/2011,0.4526000191420227,0.45179546046151214,0.0008045586805105476,0,False,
JPMorgan Chase and Co,06/30/2011,0.43393518392701763,0.4508414912228234,-0.016906307295805778,0,False,
JPMorgan Chase and Co,09/30/2011,0.46282144319106183,0.4606742038337537,0.0021472393573081505,0,False,
JPMorgan Chase and Co,12/31/2011,0.4659882746615028,0.47737295552965797,-0.011384680868155195,0,False,
JPMorgan Chase and Co,03/31/2012,0.44033246785218466,0.4402781297666247,5.4338085559935134e-05,0,False,
JPMorgan Chase and Co,06/30/2012,0.43432195017245334,0.43557760698810055,-0.0012556568156472103,0,False,
JPMorgan Chase and Co,09/30/2012,0.44020864047612446,0.4417920639118173,-0.0015834234356928434,0,False,
JPMorgan Chase and Co,12/31/2012,0.45874470247870086,0.46370757232016685,-0.004962869841465989,0,False,
JPMorgan Chase and Co,03/31/2013,0.4272112781753225,0.4352365944571847,-0.008025316281862205,0,False,
JPMorgan Chase and Co,06/30/2013,0.41920540021591934,0.42155153777096643,-0.0023461375550470898,0,False,
JPMorgan Chase and Co,09/30/2013,0.42714547149661775,0.4310943653909029,-0.003948893894285155,0,False,
JPMorgan Chase and Co,12/31/2013,0.4432086470528841,0.4455965210884741,-0.0023878740355899875,0,False,
JPMorgan Chase and Co,03/31/2014,0.41675342786878156,0.42232885788345786,-0.005575430014676308,0,False,
JPMorgan Chase and Co,06/30/2014,0.4166511453377772,0.4126935984224322,0.0039575469153450005,0,False,
JPMorgan Chase and Co,09/30/2014,0.4117941512039728,0.41966875455785835,-0.007874603353885568,0,False,
JPMorgan Chase and Co,12/31/2014,0.42594023532302794,0.43209125143033306,-0.006151016107305118,0,False,
JPMorgan Chase and Co,03/31/2015,0.4114727890600719,0.41819888629794844,-0.006726097237876538,0,False,
JPMorgan Chase and Co,06/30/2015,0.40048140786659797,0.40689458802618517,-0.006413180159587195,0,False,
JPMorgan Chase and Co,09/30/2015,0.4032962148029158,0.4160130250856186,-0.012716810282702828,0,False,
JPMorgan Chase and Co,12/31/2015,0.4115355563940338,0.4243905377940557,-0.012854981400021948,0,False,
JPMorgan Chase and Co,03/31/2016,0.40503945390192736,0.41959714363415707,-0.014557689732229706,0,False,
JPMorgan Chase and Co,06/30/2016,0.4068934748303412,0.41108108780833513,-0.004187612977993915,0,False,
JPMorgan Chase and Co,09/30/2016,0.4106287987804494,0.4083290461350762,0.0022997526453731876,0,False,
JPMorgan Chase and Co,12/31/2016,0.4158135189904415,0.42801160572075503,-0.012198086730313529,0,False,
JPMorgan Chase and Co,03/31/2017,0.414025370687273,0.41369389329530265,0.0003314773919703695,0,False,
JPMorgan Chase and Co,06/30/2017,0.40327147315192213,0.40187023433520724,0.0014012388167148893,0,False,
JPMorgan Chase and Co,09/30/2017,0.4049674076873431,0.40781872097925853,-0.0028513132919154582,0,False,
JPMorgan Chase and Co,12/31/2017,0.40683113618209915,0.4286330269669058,-0.021801890784806655,0,False,
JPMorgan Chase and Co,03/31/2018,0.4130805633004837,0.4139522737334282,-0.0008717104329444836,0,False,
JPMorgan Chase and Co,06/30/2018,0.40300753413210477,0.4057261550798845,-0.0027186209477797485,0,False,
JPMorgan Chase and Co,09/30/2018,0.4108700917466943,0.4129119696417985,-0.0020418778951041827,0,False,
JPMorgan Chase and Co,12/31/2018,0.42862742339132043,0.4300907247250861,-0.0014633013337656542,0,False,
JPMorgan Chase and Co,03/31/2019,0.4186033447129409,0.4124492385875847,0.006154106125356218,0,False,
JPMorgan Chase and Co,06/30/2019,0.40521012202792067,0.4077307830792107,-0.0025206610512900074,0,False,
JPMorgan Chase and Co,09/30/2019,0.42392231091562366,0.41720086640700393,0.006721444508619723,0,False,
JPMorgan Chase and Co,12/31/2019,0.4421321658883358,0.4402475668899619,0.0018845989983738987,0,False,
JPMorgan Chase and Co,03/31/2020,0.46496397250975063,0.44770108775829226,0.017262884751458374,0,False,
JPMorgan Chase and Co,06/30/2020,0.44024438414259154,0.43442733015327867,0.00581705398931287,0,False,
JPMorgan Chase and Co,09/30/2020,0.4484233119709978,0.44063650126323334,0.0077868107077644355,0,False,
JPMorgan Chase and Co,12/31/2020,0.45899156012008174,0.46412747190388814,-0.005135911783806402,0,False,
JPMorgan Chase and Co,03/31/2021,0.46365672608832315,0.4476064386488255,0.016050287439497657,0,False,
JPMorgan Chase and Co,06/30/2021,0.4431319851273612,0.44233920240534413,0.0007927827220170491,0,False,
JPMorgan Chase and Co,09/30/2021,0.4573911154189584,0.4546361848510699,0.0027549305678885028,0,False,
JPMorgan Chase and Co,12/31/2021,0.4975434571379783,0.4898273155175638,0.007716141620414507,0,False,
JPMorgan Chase and Co,03/31/2022,0.4694144228629405,0.4688996498874762,0.0005147729754643171,0,False,
JPMorgan Chase and Co,06/30/2022,0.4701821772677437,0.4677394638290553,0.002442713438688404,0,False,
JPMorgan Chase and Co,09/30/2022,0.4807087324868901,0.46192562251947883,0.018783109967411282,0,False,
JPMorgan Chase and Co,12/31/2022,0.5123141474784924,0.48844345328094296,0.02387069419754939,0,False,
JPMorgan Chase and Co,03/31/2023,0.4598275103760354,0.4459512233888612,0.013876286987174247,0,False,
JPMorgan Chase and Co,06/30/2023,0.46338364432796286,0.44562801977183597,0.017755624556126892,0,False,
JPMorgan Chase and Co,09/30/2023,0.4853148307909191,0.4616696373056809,0.023645193485238192,0,False,
JPMorgan Chase and Co,12/31/2023,0.527833753849217,0.5072052570636947,0.020628496785522366,1,False,
JPMorgan Chase and Co,03/31/2024,0.479314674937391,0.4519476148169971,0.027367060120393916,0,False,
JPMorgan Chase and Co,06/30/2024,0.4794539388398078,0.4628417022344132,0.016612236605394626,0,False,
JPMorgan Chase and Co,09/30/2024,0.49074770591024447,0.4938903677329733,-0.0031426618227288206,0,False,
JPMorgan Chase and Co,12/31/2024,0.5368892919725632,0.5226475183347968,0.014241773637766353,1,False,
JPMorgan Chase and Co,03/31/2025,0.4891506510971464,0.47546965923971446,0.013680991857431934,0,False,
JPMorgan Chase and Co,06/30/2025,0.5141753389739336,0.4949323827594524,0.019242956214481244,0,False,
JPMorgan Chase and Co,09/30/2025,0.558262328125534,0.5455249119300437,0.012737416195490292,1,False,
JPMorgan Chase and Co,12/31/2025,0.5947756788497683,0.5869868571579117,0.007788821691856684,1,False,
Citigroup Inc,03/31/2001,0.5007619276425843,0.47790441621265356,0.022857511429930755,0,False,
Citigroup Inc,06/30/2001,0.49683454767819224,0.4608965458725487,0.03593800180564355,0,False,
Citigroup Inc,09/30/2001,0.48697656148038676,0.46019233804834914,0.026784223432037624,0,True,9/11 Terrorist Attacks - market-wide shock
Citigroup Inc,12/31/2001,0.5119570871924087,0.4750690940556301,0.03688799313677865,0,False,
Citigroup Inc,03/31/2002,0.4808760212129298,0.45800674293888555,0.02286927827404428,0,False,
Citigroup Inc,06/30/2002,0.47929602581966724,0.4490752063008432,0.03022081951882405,0,False,
Citigroup Inc,09/30/2002,0.4755198876206334,0.4514105567202559,0.024109330900377535,0,False,
Citigroup Inc,12/31/2002,0.49167333375357464,0.4594729024130177,0.032200431340556945,0,False,
Citigroup Inc,03/31/2003,0.45630857465758473,0.4464104964741026,0.00989807818348215,0,False,
Citigroup Inc,06/30/2003,0.4488751960946539,0.4350890148121805,0.013786181282473442,0,False,
Citigroup Inc,09/30/2003,0.44894482127271673,0.4393571751009215,0.00958764617179525,0,False,
Citigroup Inc,12/31/2003,0.4692085992384247,0.4520999709285122,0.0171086283099125,0,False,
Citigroup Inc,03/31/2004,0.4399936149046922,0.4394557412349399,0.0005378736697522757,0,False,
Citigroup Inc,06/30/2004,0.4303639686224349,0.42919172507726056,0.0011722435451743674,0,False,
Citigroup Inc,09/30/2004,0.43758959731381497,0.4332465936870219,0.004343003626793074,0,False,
Citigroup Inc,12/31/2004,0.46236559695812474,0.4459323778769609,0.016433219081163852,0,False,
Citigroup Inc,03/31/2005,0.44098109659299367,0.42794921535202723,0.013031881240966436,0,False,
Citigroup Inc,06/30/2005,0.4432555276388154,0.4230075910768948,0.020247936561920643,0,False,
Citigroup Inc,09/30/2005,0.4437895857835014,0.4286067772747504,0.015182808508751033,0,False,
Citigroup Inc,12/31/2005,0.47095868615303516,0.45208126981449964,0.018877416338535513,0,False,
Citigroup Inc,03/31/2006,0.43777868790930397,0.42918743243594726,0.008591255473356707,0,False,
Citigroup Inc,06/30/2006,0.4317396067748841,0.42136163202731686,0.010377974747567242,0,False,
Citigroup Inc,09/30/2006,0.464045766678909,0.4396468606912505,0.024398905987658537,0,False,
Citigroup Inc,12/31/2006,0.5007427394305962,0.4616830086226451,0.03905973080795111,0,False,
Citigroup Inc,03/31/2007,0.4610624659497366,0.43459101646789955,0.02647144948183705,0,False,
Citigroup Inc,06/30/2007,0.469502435842416,0.4380644250271361,0.031438010815279915,0,False,
Citigroup Inc,09/30/2007,0.4878102899911015,0.4482863153810733,0.03952397461002821,0,False,
Citigroup Inc,12/31/2007,0.5366013199634603,0.4874505716048915,0.04915074835856875,1,False,
Citigroup Inc,03/31/2008,0.4973009178409725,0.4633468365940845,0.033954081246888035,0,False,
Citigroup Inc,06/30/2008,0.4799591097834742,0.4658220271636869,0.0141370826197873,0,False,
Citigroup Inc,09/30/2008,0.49043262455143394,0.48249051067891635,0.007942113872517587,0,False,
Citigroup Inc,12/31/2008,0.5556539248555457,0.5327070732180137,0.022946851637531962,1,False,
Citigroup Inc,03/31/2009,0.4964239120017426,0.5271933551797703,-0.03076944317802771,0,False,
Citigroup Inc,06/30/2009,0.49210033923463564,0.5019582290242618,-0.00985788978962615,0,False,
Citigroup Inc,09/30/2009,0.4978735878175544,0.5091324165034449,-0.011258828685890454,0,False,
Citigroup Inc,12/31/2009,0.5345484521308083,0.5245247209386527,0.010023731192155605,1,False,
Citigroup Inc,03/31/2010,0.48086831994411317,0.48047754424113126,0.0003907757029819048,0,False,
Citigroup Inc,06/30/2010,0.4836071994841114,0.47128845744196335,0.012318742042148056,0,False,
Citigroup Inc,09/30/2010,0.4685720031461191,0.4790304891653259,-0.010458486019206847,0,False,
Citigroup Inc,12/31/2010,0.48702362974286667,0.4959686278163835,-0.008944998073516841,0,False,
Citigroup Inc,03/31/2011,0.4454128258118512,0.45179546046151214,-0.006382634649660934,0,False,
Citigroup Inc,06/30/2011,0.4363580432906858,0.4508414912228234,-0.014483447932137627,0,False,
Citigroup Inc,09/30/2011,0.43417680564658906,0.4606742038337537,-0.026497398187164622,0,False,
Citigroup Inc,12/31/2011,0.4634380094963483,0.47737295552965797,-0.013934946033309692,0,False,
Citigroup Inc,03/31/2012,0.4339643949154676,0.4402781297666247,-0.0063137348511571045,0,False,
Citigroup Inc,06/30/2012,0.4189470401624003,0.43557760698810055,-0.016630566825700244,0,False,
Citigroup Inc,09/30/2012,0.42121398379394764,0.4417920639118173,-0.020578080117869657,0,False,
Citigroup Inc,12/31/2012,0.4439743335706032,0.46370757232016685,-0.019733238749563675,0,False,
Citigroup Inc,03/31/2013,0.4257497708256176,0.4352365944571847,-0.00948682363156711,0,False,
Citigroup Inc,06/30/2013,0.4254844491737058,0.42155153777096643,0.003932911402739381,0,False,
Citigroup Inc,09/30/2013,0.4348674801101554,0.4310943653909029,0.0037731147192525127,0,False,
Citigroup Inc,12/31/2013,0.43861100369138145,0.4455965210884741,-0.006985517397092633,0,False,
Citigroup Inc,03/31/2014,0.43600954292603195,0.42232885788345786,0.013680685042574081,0,False,
Citigroup Inc,06/30/2014,0.41580148504879616,0.4126935984224322,0.003107886626363965,0,False,
Citigroup Inc,09/30/2014,0.42424574009799904,0.41966875455785835,0.004576985540140688,0,False,
Citigroup Inc,12/31/2014,0.42905277308944895,0.43209125143033306,-0.00303847834088411,0,False,
Citigroup Inc,03/31/2015,0.4241746959060443,0.41819888629794844,0.00597580960809585,0,False,
Citigroup Inc,06/30/2015,0.41949726172601337,0.40689458802618517,0.012602673699828204,0,False,
Citigroup Inc,09/30/2015,0.42512289242174367,0.4160130250856186,0.009109867336125066,0,False,
Citigroup Inc,12/31/2015,0.42700701172170996,0.4243905377940557,0.0026164739276542393,0,False,
Citigroup Inc,03/31/2016,0.4259431877966116,0.41959714363415707,0.006346044162454545,0,False,
Citigroup Inc,06/30/2016,0.4078278095143467,0.41108108780833513,-0.0032532782939884153,0,False,
Citigroup Inc,09/30/2016,0.3944591952320015,0.4083290461350762,-0.013869850903074687,0,False,
Citigroup Inc,12/31/2016,0.41790949021808055,0.42801160572075503,-0.01010211550267448,0,False,
Citigroup Inc,03/31/2017,0.40560384292987417,0.41369389329530265,-0.00809005036542848,0,False,
Citigroup Inc,06/30/2017,0.394943023122362,0.40187023433520724,-0.00692721121284523,0,False,
Citigroup Inc,09/30/2017,0.39910374810753013,0.40781872097925853,-0.0087149728717284,0,False,
Citigroup Inc,12/31/2017,0.42297234301344516,0.4286330269669058,-0.0056606839534606435,0,False,
Citigroup Inc,03/31/2018,0.39942936688836034,0.4139522737334282,-0.014522906845067851,0,False,
Citigroup Inc,06/30/2018,0.3997205474389422,0.4057261550798845,-0.006005607640942323,0,False,
Citigroup Inc,09/30/2018,0.39949955126822234,0.4129119696417985,-0.013412418373576152,0,False,
Citigroup Inc,12/31/2018,0.40323211005307913,0.4300907247250861,-0.026858614672006953,0,False,
Citigroup Inc,03/31/2019,0.39404799424833337,0.4124492385875847,-0.018401244339251333,0,False,
Citigroup Inc,06/30/2019,0.3970320394280008,0.4077307830792107,-0.010698743651209874,0,False,
Citigroup Inc,09/30/2019,0.40722779915209484,0.41720086640700393,-0.009973067254909096,0,False,
Citigroup Inc,12/31/2019,0.42285323991790097,0.4402475668899619,-0.017394326972060947,0,False,
Citigroup Inc,03/31/2020,0.42403158652365014,0.44770108775829226,-0.02366950123464212,0,False,
Citigroup Inc,06/30/2020,0.42739485007210143,0.43442733015327867,-0.007032480081177239,0,False,
Citigroup Inc,09/30/2020,0.42498701062805294,0.44063650126323334,-0.015649490635180396,0,False,
Citigroup Inc,12/31/2020,0.43923219122894097,0.46412747190388814,-0.024895280674947173,0,False,
Citigroup Inc,03/31/2021,0.4323905445774408,0.4476064386488255,-0.015215894071384684,0,False,
Citigroup Inc,06/30/2021,0.42751844522539584,0.44233920240534413,-0.014820757179948296,0,False,
Citigroup Inc,09/30/2021,0.4339036218862493,0.4546361848510699,-0.020732562964820567,0,False,
Citigroup Inc,12/31/2021,0.4587152882915768,0.4898273155175638,-0.031112027225986993,0,False,
Citigroup Inc,03/31/2022,0.45306810628785404,0.4688996498874762,-0.015831543599622133,0,False,
Citigroup Inc,06/30/2022,0.4491320640216073,0.4677394638290553,-0.018607399807447966,0,False,
Citigroup Inc,09/30/2022,0.4495109862958359,0.46192562251947883,-0.012414636223642916,0,False,
Citigroup Inc,12/31/2022,0.45270465251258946,0.48844345328094296,-0.03573880076835351,0,False,
Citigroup Inc,03/31/2023,0.4344798609885419,0.4459512233888612,-0.011471362400319263,0,False,
Citigroup Inc,06/30/2023,0.425916964723205,0.44562801977183597,-0.019711055048630965,0,False,
Citigroup Inc,09/30/2023,0.44210413045678515,0.4616696373056809,-0.019565506848895742,0,False,
Citigroup Inc,12/31/2023,0.4684761375528122,0.5072052570636947,-0.03872911951088248,0,False,
Citigroup Inc,03/31/2024,0.4318409720459054,0.4519476148169971,-0.0201066427710917,0,False,
Citigroup Inc,06/30/2024,0.43460313706659226,0.4628417022344132,-0.028238565167820917,0,False,
Citigroup Inc,09/30/2024,0.46355174099356605,0.4938903677329733,-0.030338626739407237,0,False,
Citigroup Inc,12/31/2024,0.4737464572107885,0.5226475183347968,-0.04890106112400833,0,False,
Citigroup Inc,03/31/2025,0.4518929375106555,0.47546965923971446,-0.023576721729058947,0,False,
Citigroup Inc,06/30/2025,0.4757194069660213,0.4949323827594524,-0.01921297579343112,0,False,
Citigroup Inc,09/30/2025,0.5127136731835252,0.5455249119300437,-0.03281123874651848,1,False,
Citigroup Inc,12/31/2025,0.5530729748839553,0.5869868571579117,-0.03391388227395631,1,False,
Bank of America Corporation,03/31/2001,0.4816969366350512,0.47790441621265356,0.0037925204223976383,0,False,
Bank of America Corporation,06/30/2001,0.4610686097428673,0.4608965458725487,0.00017206387031859505,0,False,
Bank of America Corporation,09/30/2001,0.46952626194999897,0.46019233804834914,0.009333923901649832,0,True,9/11 Terrorist Attacks - market-wide shock
Bank of America Corporation,12/31/2001,0.4670328739868196,0.4750690940556301,-0.008036220068810496,0,False,
Bank of America Corporation,03/31/2002,0.45130402033897576,0.45800674293888555,-0.006702722599909783,0,False,
Bank of America Corporation,06/30/2002,0.44972920406415,0.4490752063008432,0.0006539977633068239,0,False,
Bank of America Corporation,09/30/2002,0.441598764969364,0.4514105567202559,-0.009811791750891863,0,False,
Bank of America Corporation,12/31/2002,0.44884769746006387,0.4594729024130177,-0.010625204952953826,0,False,
Bank of America Corporation,03/31/2003,0.4566880878397633,0.4464104964741026,0.010277591365660699,0,False,
Bank of America Corporation,06/30/2003,0.43252854286216924,0.4350890148121805,-0.002560471950011245,0,False,
Bank of America Corporation,09/30/2003,0.45893631026383513,0.4393571751009215,0.019579135162913652,0,False,
Bank of America Corporation,12/31/2003,0.4575412609234018,0.4520999709285122,0.005441289994889631,0,False,
Bank of America Corporation,03/31/2004,0.4491959235915239,0.4394557412349399,0.00974018235658397,0,False,
Bank of America Corporation,06/30/2004,0.4402395779679177,0.42919172507726056,0.011047852890657128,0,False,
Bank of America Corporation,09/30/2004,0.44344074113265036,0.4332465936870219,0.010194147445628465,0,False,
Bank of America Corporation,12/31/2004,0.45261668971456914,0.4459323778769609,0.006684311837608259,0,False,
Bank of America Corporation,03/31/2005,0.43048752488369346,0.42794921535202723,0.0025383095316662274,0,False,
Bank of America Corporation,06/30/2005,0.4193822232655936,0.4230075910768948,-0.0036253678113011834,0,False,
Bank of America Corporation,09/30/2005,0.43189874540176826,0.4286067772747504,0.0032919681270178747,0,False,
Bank of America Corporation,12/31/2005,0.4600916008087753,0.45208126981449964,0.008010330994275672,0,False,
Bank of America Corporation,03/31/2006,0.43044406591616685,0.42918743243594726,0.0012566334802195933,0,False,
Bank of America Corporation,06/30/2006,0.4245822224485926,0.42136163202731686,0.0032205904212757597,0,False,
Bank of America Corporation,09/30/2006,0.43581290004962564,0.4396468606912505,-0.003833960641624834,0,False,
Bank of America Corporation,12/31/2006,0.4583451401351559,0.4616830086226451,-0.0033378684874891817,0,False,
Bank of America Corporation,03/31/2007,0.42596484432390863,0.43459101646789955,-0.008626172143990918,0,False,
Bank of America Corporation,06/30/2007,0.4361327413727018,0.4380644250271361,-0.001931683654434302,0,False,
Bank of America Corporation,09/30/2007,0.45057675102603345,0.4482863153810733,0.002290435644960176,0,False,
Bank of America Corporation,12/31/2007,0.501830599034076,0.4874505716048915,0.014380027429184483,0,False,
Bank of America Corporation,03/31/2008,0.47178761009388,0.4633468365940845,0.008440773499795495,0,False,
Bank of America Corporation,06/30/2008,0.47786954729257325,0.4658220271636869,0.012047520128886324,0,False,
Bank of America Corporation,09/30/2008,0.49979656886910534,0.48249051067891635,0.01730605819018899,0,False,
Bank of America Corporation,12/31/2008,0.5268191399928013,0.5327070732180137,-0.005887933225212416,0,False,
Bank of America Corporation,03/31/2009,0.5751322698965126,0.5271933551797703,0.047938914716742276,1,False,
Bank of America Corporation,06/30/2009,0.5358820296076743,0.5019582290242618,0.03392380058341249,1,False,
Bank of America Corporation,09/30/2009,0.5497108615868495,0.5091324165034449,0.04057844508340458,1,False,
Bank of America Corporation,12/31/2009,0.556722551245318,0.5245247209386527,0.03219783030666534,1,False,
Bank of America Corporation,03/31/2010,0.503946495929825,0.48047754424113126,0.02346895168869373,0,False,
Bank of America Corporation,06/30/2010,0.48135381295608837,0.47128845744196335,0.010065355514125018,0,False,
Bank of America Corporation,09/30/2010,0.48747552240673625,0.4790304891653259,0.008445033241410327,0,False,
Bank of America Corporation,12/31/2010,0.5156321218386865,0.4959686278163835,0.01966349402230294,0,False,
Bank of America Corporation,03/31/2011,0.4618821757134161,0.45179546046151214,0.010086715251903966,0,False,
Bank of America Corporation,06/30/2011,0.4760808261440156,0.4508414912228234,0.02523933492119218,0,False,
Bank of America Corporation,09/30/2011,0.47482306898161525,0.4606742038337537,0.014148865147861567,0,False,
Bank of America Corporation,12/31/2011,0.4973283580162165,0.47737295552965797,0.019955402486558527,0,False,
Bank of America Corporation,03/31/2012,0.4357570669394202,0.4402781297666247,-0.004521062827204547,0,False,
Bank of America Corporation,06/30/2012,0.4407325557318218,0.43557760698810055,0.005154948743721244,0,False,
Bank of America Corporation,09/30/2012,0.45210227276705933,0.4417920639118173,0.010310208855242031,0,False,
Bank of America Corporation,12/31/2012,0.45760102745562975,0.46370757232016685,-0.0061065448645371,0,False,
Bank of America Corporation,03/31/2013,0.4312630492182784,0.4352365944571847,-0.003973545238906306,0,False,
Bank of America Corporation,06/30/2013,0.41321707263878515,0.42155153777096643,-0.008334465132181279,0,False,
Bank of America Corporation,09/30/2013,0.42694451312257714,0.4310943653909029,-0.00414985226832576,0,False,
Bank of America Corporation,12/31/2013,0.43105078873550523,0.4455965210884741,-0.014545732352968854,0,False,
Bank of America Corporation,03/31/2014,0.41421181246875294,0.42232885788345786,-0.008117045414704926,0,False,
Bank of America Corporation,06/30/2014,0.40922967914961766,0.4126935984224322,-0.0034639192728145307,0,False,
Bank of America Corporation,09/30/2014,0.40838736467429015,0.41966875455785835,-0.011281389883568194,0,False,
Bank of America Corporation,12/31/2014,0.4131694913800106,0.43209125143033306,-0.018921760050322478,0,False,
Bank of America Corporation,03/31/2015,0.39284271704608065,0.41819888629794844,-0.02535616925186779,0,False,
Bank of America Corporation,06/30/2015,0.3910988675719398,0.40689458802618517,-0.015795720454245377,0,False,
Bank of America Corporation,09/30/2015,0.3940320069127026,0.4160130250856186,-0.021981018172915978,0,False,
Bank of America Corporation,12/31/2015,0.4019897441377419,0.4243905377940557,-0.02240079365631381,0,False,
Bank of America Corporation,03/31/2016,0.40268925342861506,0.41959714363415707,-0.01690789020554201,0,False,
Bank of America Corporation,06/30/2016,0.39317174809828676,0.41108108780833513,-0.017909339710048378,0,False,
Bank of America Corporation,09/30/2016,0.39100038173761875,0.4083290461350762,-0.01732866439745745,0,False,
Bank of America Corporation,12/31/2016,0.4260933424732416,0.42801160572075503,-0.0019182632475134298,0,False,
Bank of America Corporation,03/31/2017,0.4082209101862279,0.41369389329530265,-0.005472983109074736,0,False,
Bank of America Corporation,06/30/2017,0.38567914466539555,0.40187023433520724,-0.016191089669811698,0,False,
Bank of America Corporation,09/30/2017,0.3884436521957446,0.40781872097925853,-0.019375068783513916,0,False,
Bank of America Corporation,12/31/2017,0.40643693230242117,0.4286330269669058,-0.022196094664484634,0,False,
Bank of America Corporation,03/31/2018,0.40644113012873584,0.4139522737334282,-0.00751114360469235,0,False,
Bank of America Corporation,06/30/2018,0.39447911079563314,0.4057261550798845,-0.011247044284251384,0,False,
Bank of America Corporation,09/30/2018,0.406009330646567,0.4129119696417985,-0.006902638995231469,0,False,
Bank of America Corporation,12/31/2018,0.4210062226521736,0.4300907247250861,-0.009084502072912504,0,False,
Bank of America Corporation,03/31/2019,0.40608145151415975,0.4124492385875847,-0.006367787073424946,0,False,
Bank of America Corporation,06/30/2019,0.3996720327802714,0.4077307830792107,-0.008058750298939266,0,False,
Bank of America Corporation,09/30/2019,0.4173442125411857,0.41720086640700393,0.00014334613418176545,0,False,
Bank of America Corporation,12/31/2019,0.4366225115493378,0.4402475668899619,-0.003625055340624128,0,False,
Bank of America Corporation,03/31/2020,0.43492270095426666,0.44770108775829226,-0.012778386804025599,0,False,
Bank of America Corporation,06/30/2020,0.42247975573532676,0.43442733015327867,-0.011947574417951912,0,False,
Bank of America Corporation,09/30/2020,0.4236598243624832,0.44063650126323334,-0.016976676900750165,0,False,
Bank of America Corporation,12/31/2020,0.4303521125710228,0.46412747190388814,-0.03377535933286535,0,False,
Bank of America Corporation,03/31/2021,0.43135108679396433,0.4476064386488255,-0.016255351854861155,0,False,
Bank of America Corporation,06/30/2021,0.43172607997869045,0.44233920240534413,-0.010613122426653687,0,False,
Bank of America Corporation,09/30/2021,0.44986428893552344,0.4546361848510699,-0.0047718959155464424,0,False,
Bank of America Corporation,12/31/2021,0.46959787190470376,0.4898273155175638,-0.020229443612860054,0,False,
Bank of America Corporation,03/31/2022,0.4570622229416397,0.4688996498874762,-0.011837426945836504,0,False,
Bank of America Corporation,06/30/2022,0.44135531406324496,0.4677394638290553,-0.026384149765810327,0,False,
Bank of America Corporation,09/30/2022,0.43327178501513974,0.46192562251947883,-0.028653837504339086,0,False,
Bank of America Corporation,12/31/2022,0.477077424087229,0.48844345328094296,-0.011366029193713989,0,False,
Bank of America Corporation,03/31/2023,0.441386756165252,0.4459512233888612,-0.004564467223609148,0,False,
Bank of America Corporation,06/30/2023,0.4512670329762961,0.44562801977183597,0.0056390132044601415,0,False,
Bank of America Corporation,09/30/2023,0.46235495365882195,0.4616696373056809,0.0006853163531410633,0,False,
Bank of America Corporation,12/31/2023,0.48218449127063506,0.5072052570636947,-0.02502076579305962,0,False,
Bank of America Corporation,03/31/2024,0.4454550169614236,0.4519476148169971,-0.00649259785557349,0,False,
Bank of America Corporation,06/30/2024,0.4482548133354531,0.4628417022344132,-0.014586888898960093,0,False,
Bank of America Corporation,09/30/2024,0.4884527682559122,0.4938903677329733,-0.0054375994770610725,0,False,
Bank of America Corporation,12/31/2024,0.5261582813086985,0.5226475183347968,0.0035107629739016266,0,False,
Bank of America Corporation,03/31/2025,0.4623089304250587,0.47546965923971446,-0.013160728814655742,0,False,
Bank of America Corporation,06/30/2025,0.49027198537905026,0.4949323827594524,-0.004660397380402137,0,False,
Bank of America Corporation,09/30/2025,0.5371708025597913,0.5455249119300437,-0.008354109370252383,1,False,
Wells Fargo and Company,03/31/2001,0.46936995944295606,0.47790441621265356,-0.008534456769697496,0,False,
Wells Fargo and Company,06/30/2001,0.43928517050912746,0.4608965458725487,-0.021611375363421226,0,False,
Wells Fargo and Company,09/30/2001,0.43811346882077906,0.46019233804834914,-0.022078869227570075,0,True,9/11 Terrorist Attacks - market-wide shock
Wells Fargo and Company,12/31/2001,0.4561184930434378,0.4750690940556301,-0.01895060101219226,0,False,
Wells Fargo and Company,03/31/2002,0.44281649885128876,0.45800674293888555,-0.015190244087596783,0,False,
Wells Fargo and Company,06/30/2002,0.43406255652408116,0.4490752063008432,-0.015012649776762033,0,False,
Wells Fargo and Company,09/30/2002,0.43897016277569645,0.4514105567202559,-0.012440393944559425,0,False,
Wells Fargo and Company,12/31/2002,0.4364210356091925,0.4594729024130177,-0.023051866803825205,0,False,
Wells Fargo and Company,03/31/2003,0.42606207341802116,0.4464104964741026,-0.02034842305608142,0,False,
Wells Fargo and Company,06/30/2003,0.4229722873679351,0.4350890148121805,-0.012116727444245412,0,False,
Wells Fargo and Company,09/30/2003,0.41246845818347744,0.4393571751009215,-0.026888716917444044,0,False,
Wells Fargo and Company,12/31/2003,0.4243597260178982,0.4520999709285122,-0.027740244910613998,0,False,
Wells Fargo and Company,03/31/2004,0.4195747323786413,0.4394557412349399,-0.01988100885629862,0,False,
Wells Fargo and Company,06/30/2004,0.40527333775750146,0.42919172507726056,-0.023918387319759093,0,False,
Wells Fargo and Company,09/30/2004,0.41013862003927315,0.4332465936870219,-0.023107973647748747,0,False,
Wells Fargo and Company,12/31/2004,0.4152640452006,0.4459323778769609,-0.030668332676360877,0,False,
Wells Fargo and Company,03/31/2005,0.4119539705958636,0.42794921535202723,-0.01599524475616365,0,False,
Wells Fargo and Company,06/30/2005,0.40928003536335367,0.4230075910768948,-0.013727555713541117,0,False,
Wells Fargo and Company,09/30/2005,0.4095524062237124,0.4286067772747504,-0.019054371051037966,0,False,
Wells Fargo and Company,12/31/2005,0.41643012377242405,0.45208126981449964,-0.03565114604207559,0,False,
Wells Fargo and Company,03/31/2006,0.41671082833152445,0.42918743243594726,-0.012476604104422806,0,False,
Wells Fargo and Company,06/30/2006,0.40930172081831917,0.42136163202731686,-0.012059911208997687,0,False,
Wells Fargo and Company,09/30/2006,0.4207016946640588,0.4396468606912505,-0.01894516602719165,0,False,
Wells Fargo and Company,12/31/2006,0.4472144297709214,0.4616830086226451,-0.014468578851723701,0,False,
Wells Fargo and Company,03/31/2007,0.4256726987627758,0.43459101646789955,-0.008918317705123746,0,False,
Wells Fargo and Company,06/30/2007,0.4141567321438751,0.4380644250271361,-0.023907692883261,0,False,
Wells Fargo and Company,09/30/2007,0.4153716185763073,0.4482863153810733,-0.032914696804766,0,False,
Wells Fargo and Company,12/31/2007,0.44657748024451116,0.4874505716048915,-0.040873091360380365,0,False,
Wells Fargo and Company,03/31/2008,0.43089836146512445,0.4633468365940845,-0.03244847512896004,0,False,
Wells Fargo and Company,06/30/2008,0.4401234646967587,0.4658220271636869,-0.0256985624669282,0,False,
Wells Fargo and Company,09/30/2008,0.45184847772303727,0.48249051067891635,-0.030642032955879084,0,False,
Wells Fargo and Company,12/31/2008,0.5334549516831134,0.5327070732180137,0.0007478784650997161,1,False,
Wells Fargo and Company,03/31/2009,0.5185393182451512,0.5271933551797703,-0.00865403693461908,0,False,
Wells Fargo and Company,06/30/2009,0.5160699482543454,0.5019582290242618,0.014111719230083586,0,False,
Wells Fargo and Company,09/30/2009,0.5280586708009151,0.5091324165034449,0.01892625429747019,1,False,
Wells Fargo and Company,12/31/2009,0.5493032538463107,0.5245247209386527,0.02477853290765808,1,False,
Wells Fargo and Company,03/31/2010,0.4913073073575796,0.48047754424113126,0.010829763116448343,0,False,
Wells Fargo and Company,06/30/2010,0.47547272403597024,0.47128845744196335,0.004184266594006891,0,False,
Wells Fargo and Company,09/30/2010,0.4848341378019394,0.4790304891653259,0.005803648636613479,0,False,
Wells Fargo and Company,12/31/2010,0.5039214023119719,0.4959686278163835,0.0079527744955884,0,False,
Wells Fargo and Company,03/31/2011,0.45759623768855817,0.45179546046151214,0.005800777227046028,0,False,
Wells Fargo and Company,06/30/2011,0.44626304821878743,0.4508414912228234,-0.004578443004035981,0,False,
Wells Fargo and Company,09/30/2011,0.468676824832402,0.4606742038337537,0.008002620998648291,0,False,
Wells Fargo and Company,12/31/2011,0.49309716777363505,0.47737295552965797,0.015724212243977076,0,False,
Wells Fargo and Company,03/31/2012,0.4470481176440983,0.4402781297666247,0.006769987877473571,0,False,
Wells Fargo and Company,06/30/2012,0.4430627710178358,0.43557760698810055,0.007485164029735258,0,False,
Wells Fargo and Company,09/30/2012,0.45671812724201943,0.4417920639118173,0.014926063330202133,0,False,
Wells Fargo and Company,12/31/2012,0.4822756041610923,0.46370757232016685,0.018568031840925425,0,False,
Wells Fargo and Company,03/31/2013,0.44346021306537337,0.4352365944571847,0.008223618608188654,0,False,
Wells Fargo and Company,06/30/2013,0.43120766961649787,0.42155153777096643,0.009656131845531435,0,False,
Wells Fargo and Company,09/30/2013,0.4478222735199675,0.4310943653909029,0.016727908129064606,0,False,
Wells Fargo and Company,12/31/2013,0.4903234490928862,0.4455965210884741,0.044726928004412136,0,False,
Wells Fargo and Company,03/31/2014,0.43718022757476477,0.42232885788345786,0.014851369691306904,0,False,
Wells Fargo and Company,06/30/2014,0.4283014795173332,0.4126935984224322,0.015607881094901022,0,False,
Wells Fargo and Company,09/30/2014,0.4427887786003057,0.41966875455785835,0.02312002404244734,0,False,
Wells Fargo and Company,12/31/2014,0.4647398873070548,0.43209125143033306,0.03264863587672173,0,False,
Wells Fargo and Company,03/31/2015,0.4478347097594967,0.41819888629794844,0.02963582346154825,0,False,
Wells Fargo and Company,06/30/2015,0.43592700899313913,0.40689458802618517,0.029032420966953965,0,False,
Wells Fargo and Company,09/30/2015,0.4519997021943914,0.4160130250856186,0.03598667710877279,0,False,
Wells Fargo and Company,12/31/2015,0.4640204179276594,0.4243905377940557,0.03962988013360369,0,False,
Wells Fargo and Company,03/31/2016,0.43982730034828693,0.41959714363415707,0.020230156714129865,0,False,
Wells Fargo and Company,06/30/2016,0.43730361229381604,0.41108108780833513,0.026222524485480903,0,False,
Wells Fargo and Company,09/30/2016,0.44106009773303406,0.4083290461350762,0.03273105159795786,0,False,
Wells Fargo and Company,12/31/2016,0.4719998750381487,0.42801160572075503,0.04398826931739369,0,False,
Wells Fargo and Company,03/31/2017,0.44120977237085185,0.41369389329530265,0.0275158790755492,0,False,
Wells Fargo and Company,06/30/2017,0.42064643760503023,0.40187023433520724,0.01877620326982299,0,False,
Wells Fargo and Company,09/30/2017,0.42949454269448767,0.40781872097925853,0.021675821715229138,0,False,
Wells Fargo and Company,12/31/2017,0.4739937898198474,0.4286330269669058,0.045360762852941605,0,False,
Wells Fargo and Company,03/31/2018,0.4397124426170106,0.4139522737334282,0.0257601688835824,0,False,
Wells Fargo and Company,06/30/2018,0.41974243458973226,0.4057261550798845,0.01401627950984774,0,False,
Wells Fargo and Company,09/30/2018,0.44256923161270784,0.4129119696417985,0.029657261970909343,0,False,
Wells Fargo and Company,12/31/2018,0.4761579796071357,0.4300907247250861,0.0460672548820496,0,False,
Wells Fargo and Company,03/31/2019,0.43812001353340024,0.4124492385875847,0.025670774945815544,0,False,
Wells Fargo and Company,06/30/2019,0.4321965242195572,0.4077307830792107,0.024465741140346497,0,False,
Wells Fargo and Company,09/30/2019,0.44777181692360696,0.41720086640700393,0.030570950516603024,0,False,
Wells Fargo and Company,12/31/2019,0.47660449924921017,0.4402475668899619,0.03635693235924825,0,False,
Wells Fargo and Company,03/31/2020,0.46062912059634764,0.44770108775829226,0.012928032838055381,0,False,
Wells Fargo and Company,06/30/2020,0.44681671280685104,0.43442733015327867,0.012389382653572367,0,False,
Wells Fargo and Company,09/30/2020,0.46398089352943744,0.44063650126323334,0.023344392266204106,0,False,
Wells Fargo and Company,12/31/2020,0.49883619109722943,0.46412747190388814,0.034708719193341286,0,False,
Wells Fargo and Company,03/31/2021,0.45655862741954334,0.4476064386488255,0.00895218877071785,0,False,
Wells Fargo and Company,06/30/2021,0.45975816954349685,0.44233920240534413,0.01741896713815272,0,False,
Wells Fargo and Company,09/30/2021,0.4679826599533064,0.4546361848510699,0.013346475102236521,0,False,
Wells Fargo and Company,12/31/2021,0.4943253269447082,0.4898273155175638,0.004498011427144399,0,False,
Wells Fargo and Company,03/31/2022,0.46200617152799395,0.4688996498874762,-0.00689347835948223,0,False,
Wells Fargo and Company,06/30/2022,0.4751975204250758,0.4677394638290553,0.007458056596020501,0,False,
Wells Fargo and Company,09/30/2022,0.48230274974713044,0.46192562251947883,0.020377127227651615,0,False,
Wells Fargo and Company,12/31/2022,0.4796225453286466,0.48844345328094296,-0.008820907952296342,0,False,
Wells Fargo and Company,03/31/2023,0.44096956021838996,0.4459512233888612,-0.004981663170471218,0,False,
Wells Fargo and Company,06/30/2023,0.4462825039227203,0.44562801977183597,0.0006544841508843158,0,False,
Wells Fargo and Company,09/30/2023,0.4658882429098193,0.4616696373056809,0.004218605604138392,0,False,
Wells Fargo and Company,12/31/2023,0.49640579568270465,0.5072052570636947,-0.010799461380990028,0,False,
Wells Fargo and Company,03/31/2024,0.4435905046561766,0.4519476148169971,-0.008357110160820469,0,False,
Wells Fargo and Company,06/30/2024,0.45241104267740384,0.4628417022344132,-0.010430659557009336,0,False,
Wells Fargo and Company,09/30/2024,0.4929137149058976,0.4938903677329733,-0.000976652827075708,0,False,
Wells Fargo and Company,12/31/2024,0.5344300710401427,0.5226475183347968,0.011782552705345894,1,False,
Wells Fargo and Company,03/31/2025,0.4917297994502202,0.47546965923971446,0.016260140210505758,0,False,
Wells Fargo and Company,06/30/2025,0.498120102077175,0.4949323827594524,0.0031877193177226038,0,False,
Wells Fargo and Company,09/30/2025,0.5459504468813577,0.5455249119300437,0.00042553495131403274,1,False,
Morgan Stanley,03/31/2009,0.5827880833730783,0.5271933551797703,0.05559472819330802,1,False,
Morgan Stanley,06/30/2009,0.529092043479143,0.5019582290242618,0.027133814454881167,0,False,
Morgan Stanley,09/30/2009,0.5269366159274852,0.5091324165034449,0.017804199424040323,0,False,
Morgan Stanley,12/31/2009,0.5389097180635875,0.5245247209386527,0.014384997124934795,1,False,
Morgan Stanley,03/31/2010,0.48949431203646604,0.48047754424113126,0.009016767795334779,0,False,
Morgan Stanley,06/30/2010,0.46784204807433405,0.47128845744196335,-0.0034464093676292995,0,False,
Morgan Stanley,09/30/2010,0.4892579213071007,0.4790304891653259,0.010227432141774795,0,False,
Morgan Stanley,12/31/2010,0.500513894772774,0.4959686278163835,0.004545266956390459,0,False,
Morgan Stanley,03/31/2011,0.45923298295702747,0.45179546046151214,0.007437522495515325,0,False,
Morgan Stanley,06/30/2011,0.4734741765627072,0.4508414912228234,0.022632685339883774,0,False,
Morgan Stanley,09/30/2011,0.48323860885477704,0.4606742038337537,0.02256440502102336,0,False,
Morgan Stanley,12/31/2011,0.4936730407950631,0.47737295552965797,0.016300085265405106,0,False,
Morgan Stanley,03/31/2012,0.459654459278217,0.4402781297666247,0.019376329511592294,0,False,
Morgan Stanley,06/30/2012,0.4447250368548437,0.43557760698810055,0.009147429866743162,0,False,
Morgan Stanley,09/30/2012,0.4428569271755244,0.4417920639118173,0.0010648632637070832,0,False,
Morgan Stanley,12/31/2012,0.4619402972756901,0.46370757232016685,-0.0017672750444767682,0,False,
Morgan Stanley,03/31/2013,0.4354922293034666,0.4352365944571847,0.0002556348462818825,0,False,
Morgan Stanley,06/30/2013,0.42017792271280224,0.42155153777096643,-0.0013736150581641904,0,False,
Morgan Stanley,09/30/2013,0.42643869165566467,0.4310943653909029,-0.0046556737352382305,0,False,
Morgan Stanley,12/31/2013,0.4379251500434372,0.4455965210884741,-0.007671371045036901,0,False,
Morgan Stanley,03/31/2014,0.4191905252015006,0.42232885788345786,-0.00313833268195729,0,False,
Morgan Stanley,06/30/2014,0.4084127286387561,0.4126935984224322,-0.004280869783676089,0,False,
Morgan Stanley,09/30/2014,0.4244071306366799,0.41966875455785835,0.004738376078821549,0,False,
Morgan Stanley,12/31/2014,0.44352462635903167,0.43209125143033306,0.011433374928698614,0,False,
Morgan Stanley,03/31/2015,0.43441735028388284,0.41819888629794844,0.016218463985934406,0,False,
Morgan Stanley,06/30/2015,0.409840991295747,0.40689458802618517,0.002946403269561859,0,False,
Morgan Stanley,09/30/2015,0.4253035456090362,0.4160130250856186,0.009290520523417611,0,False,
Morgan Stanley,12/31/2015,0.43757595514817776,0.4243905377940557,0.013185417354122042,0,False,
Morgan Stanley,03/31/2016,0.431493096264202,0.41959714363415707,0.011895952630044948,0,False,
Morgan Stanley,06/30/2016,0.4270418339482044,0.41108108780833513,0.015960746139869253,0,False,
Morgan Stanley,09/30/2016,0.41167773021201554,0.4083290461350762,0.0033486840769393345,0,False,
Morgan Stanley,12/31/2016,0.41889287523834,0.42801160572075503,-0.009118730482415016,0,False,
Morgan Stanley,03/31/2017,0.40755705121504077,0.41369389329530265,-0.006136842080261884,0,False,
Morgan Stanley,06/30/2017,0.39828660213845,0.40187023433520724,-0.003583632196757225,0,False,
Morgan Stanley,09/30/2017,0.4150755282514491,0.40781872097925853,0.00725680727219058,0,False,
Morgan Stanley,12/31/2017,0.4259261415432378,0.4286330269669058,-0.002706885423667982,0,False,
Morgan Stanley,03/31/2018,0.4055396045312421,0.4139522737334282,-0.008412669202186085,0,False,
Morgan Stanley,06/30/2018,0.4114609367919399,0.4057261550798845,0.005734781712055381,0,False,
Morgan Stanley,09/30/2018,0.4031253708978207,0.4129119696417985,-0.009786598743977803,0,False,
Morgan Stanley,12/31/2018,0.42132217503618113,0.4300907247250861,-0.008768549688904947,0,False,
Morgan Stanley,03/31/2019,0.39391338440380563,0.4124492385875847,-0.018535854183779066,0,False,
Morgan Stanley,06/30/2019,0.39874554682571856,0.4077307830792107,-0.008985236253492124,0,False,
Morgan Stanley,09/30/2019,0.3939705518840588,0.41720086640700393,-0.02323031452294516,0,False,
Morgan Stanley,12/31/2019,0.4123872891751273,0.4402475668899619,-0.027860277714834625,0,False,
Morgan Stanley,03/31/2020,0.44889623378807497,0.44770108775829226,0.0011951460297827121,0,False,
Morgan Stanley,06/30/2020,0.425078808493186,0.43442733015327867,-0.009348521660092646,0,False,
Morgan Stanley,09/30/2020,0.4315619213485657,0.44063650126323334,-0.009074579914667646,0,False,
Morgan Stanley,12/31/2020,0.48107273679881607,0.46412747190388814,0.016945264894927925,0,False,
Morgan Stanley,03/31/2021,0.45264380391938086,0.4476064386488255,0.005037365270555372,0,False,
Morgan Stanley,06/30/2021,0.44569829819673695,0.44233920240534413,0.0033590957913928188,0,False,
Morgan Stanley,09/30/2021,0.4534435599217743,0.4546361848510699,-0.0011926249292955604,0,False,
Morgan Stanley,12/31/2021,0.5059051828158936,0.4898273155175638,0.016077867298329773,0,False,
Morgan Stanley,03/31/2022,0.4660298725436874,0.4688996498874762,-0.002869777343788793,0,False,
Morgan Stanley,06/30/2022,0.45670502035622584,0.4677394638290553,-0.011034443472829447,0,False,
Morgan Stanley,09/30/2022,0.4638338590523977,0.46192562251947883,0.0019082365329188833,0,False,
Morgan Stanley,12/31/2022,0.4863586023945568,0.48844345328094296,-0.002084850886386158,0,False,
Morgan Stanley,03/31/2023,0.4530924291960865,0.4459512233888612,0.007141205807225326,0,False,
Morgan Stanley,06/30/2023,0.4412899529089956,0.44562801977183597,-0.004338066862840384,0,False,
Morgan Stanley,09/30/2023,0.45268602871205893,0.4616696373056809,-0.008983608593621961,0,False,
Morgan Stanley,12/31/2023,0.5003121977857308,0.5072052570636947,-0.006893059277963909,0,False,
Morgan Stanley,03/31/2024,0.45953690548408876,0.4519476148169971,0.007589290667091686,0,False,
Morgan Stanley,06/30/2024,0.45315842249468974,0.4628417022344132,-0.009683279739723438,0,False,
Morgan Stanley,09/30/2024,0.48168452567476744,0.4938903677329733,-0.012205842058205851,0,False,
Morgan Stanley,12/31/2024,0.5420134901417912,0.5226475183347968,0.019365971806994398,1,False,
Morgan Stanley,03/31/2025,0.48226597771549135,0.47546965923971446,0.006796318475776886,0,False,
Morgan Stanley,06/30/2025,0.49637508040108214,0.4949323827594524,0.0014426976416297421,0,False,
Morgan Stanley,09/30/2025,0.5529086294112157,0.5455249119300437,0.0073837174811719475,1,False,
Goldman Sachs Group Inc,03/31/2009,0.5168747507118301,0.5271933551797703,-0.010318604467940196,0,False,
Goldman Sachs Group Inc,06/30/2009,0.4769932777575546,0.5019582290242618,-0.02496495126670717,0,False,
Goldman Sachs Group Inc,09/30/2009,0.4790871493795628,0.5091324165034449,-0.030045267123882058,0,False,
Goldman Sachs Group Inc,12/31/2009,0.4848738473373787,0.5245247209386527,-0.03965087360127395,0,False,
Goldman Sachs Group Inc,03/31/2010,0.4419824887358769,0.48047754424113126,-0.03849505550525434,0,False,
Goldman Sachs Group Inc,06/30/2010,0.44799076610976624,0.47128845744196335,-0.023297691332197112,0,False,
Goldman Sachs Group Inc,09/30/2010,0.46756354085828755,0.4790304891653259,-0.011466948307038372,0,False,
Goldman Sachs Group Inc,12/31/2010,0.4729366366112624,0.4959686278163835,-0.023031991205121116,0,False,
Goldman Sachs Group Inc,03/31/2011,0.43404852145619693,0.45179546046151214,-0.01774693900531521,0,False,
Goldman Sachs Group Inc,06/30/2011,0.4389376691937268,0.4508414912228234,-0.011903822029096622,0,False,
Goldman Sachs Group Inc,09/30/2011,0.4403084714960768,0.4606742038337537,-0.020365732337676856,0,False,
Goldman Sachs Group Inc,12/31/2011,0.45071288243518237,0.47737295552965797,-0.0266600730944756,0,False,
Goldman Sachs Group Inc,03/31/2012,0.42491227197036047,0.4402781297666247,-0.01536585779626426,0,False,
Goldman Sachs Group Inc,06/30/2012,0.43167628798924856,0.43557760698810055,-0.003901318998851988,0,False,
Goldman Sachs Group Inc,09/30/2012,0.43765243201622833,0.4417920639118173,-0.004139631895588969,0,False,
Goldman Sachs Group Inc,12/31/2012,0.47770946897928507,0.46370757232016685,0.014001896659118218,0,False,
Goldman Sachs Group Inc,03/31/2013,0.44824302615504985,0.4352365944571847,0.01300643169786514,0,False,
Goldman Sachs Group Inc,06/30/2013,0.4200167122680881,0.42155153777096643,-0.001534825502878312,0,False,
Goldman Sachs Group Inc,09/30/2013,0.423347762440435,0.4310943653909029,-0.007746602950467918,0,False,
Goldman Sachs Group Inc,12/31/2013,0.43246008791475027,0.4455965210884741,-0.013136433173723816,0,False,
Goldman Sachs Group Inc,03/31/2014,0.4106276112609155,0.42232885788345786,-0.01170124662254235,0,False,
Goldman Sachs Group Inc,06/30/2014,0.3977650728423127,0.4126935984224322,-0.014928525580119478,0,False,
Goldman Sachs Group Inc,09/30/2014,0.4063893621339025,0.41966875455785835,-0.013279392423955871,0,False,
Goldman Sachs Group Inc,12/31/2014,0.4161204951234245,0.43209125143033306,-0.01597075630690853,0,False,
Goldman Sachs Group Inc,03/31/2015,0.39845105573211437,0.41819888629794844,-0.019747830565834068,0,False,
Goldman Sachs Group Inc,06/30/2015,0.3845219907036736,0.40689458802618517,-0.022372597322511567,0,False,
Goldman Sachs Group Inc,09/30/2015,0.39632378857292183,0.4160130250856186,-0.019689236512696773,0,False,
Goldman Sachs Group Inc,12/31/2015,0.40421454143501134,0.4243905377940557,-0.02017599635904438,0,False,
Goldman Sachs Group Inc,03/31/2016,0.4125905700652997,0.41959714363415707,-0.007006573568857366,0,False,
Goldman Sachs Group Inc,06/30/2016,0.3942480481650157,0.41108108780833513,-0.016833039643319447,0,False,
Goldman Sachs Group Inc,09/30/2016,0.4011480731153383,0.4083290461350762,-0.007180973019737913,0,False,
Goldman Sachs Group Inc,12/31/2016,0.4173605323662778,0.42801160572075503,-0.010651073354477236,0,False,
Goldman Sachs Group Inc,03/31/2017,0.4055464123825481,0.41369389329530265,-0.008147480912754523,0,False,
Goldman Sachs Group Inc,06/30/2017,0.40839472532808374,0.40187023433520724,0.006524490992876497,0,False,
Goldman Sachs Group Inc,09/30/2017,0.4098274469389964,0.40781872097925853,0.0020087259597378893,0,False,
Goldman Sachs Group Inc,12/31/2017,0.43563781894038395,0.4286330269669058,0.007004791973478142,0,False,
Goldman Sachs Group Inc,03/31/2018,0.41951053493473656,0.4139522737334282,0.005558261201308368,0,False,
Goldman Sachs Group Inc,06/30/2018,0.4059463667309551,0.4057261550798845,0.0002202116510705565,0,False,
Goldman Sachs Group Inc,09/30/2018,0.41539824167877887,0.4129119696417985,0.002486272036980375,0,False,
Goldman Sachs Group Inc,12/31/2018,0.43019843761062654,0.4300907247250861,0.00010771288554045633,0,False,
Goldman Sachs Group Inc,03/31/2019,0.4239292431128686,0.4124492385875847,0.011480004525283916,0,False,
Goldman Sachs Group Inc,06/30/2019,0.41352843319379523,0.4077307830792107,0.005797650114584552,0,False,
Goldman Sachs Group Inc,09/30/2019,0.4129685070254537,0.41720086640700393,-0.004232359381550255,0,False,
Goldman Sachs Group Inc,12/31/2019,0.45088569555985947,0.4402475668899619,0.01063812866989755,0,False,
Goldman Sachs Group Inc,03/31/2020,0.4527629121776633,0.44770108775829226,0.0050618244193710304,0,False,
Goldman Sachs Group Inc,06/30/2020,0.44454946966961545,0.43442733015327867,0.010122139516336781,0,False,
Goldman Sachs Group Inc,09/30/2020,0.451206045739863,0.44063650126323334,0.010569544476629666,0,False,
Goldman Sachs Group Inc,12/31/2020,0.4762800396072377,0.46412747190388814,0.012152567703349548,0,False,
Goldman Sachs Group Inc,03/31/2021,0.4490378430943004,0.4476064386488255,0.0014314044454749042,0,False,
Goldman Sachs Group Inc,06/30/2021,0.44620223636038364,0.44233920240534413,0.0038630339550395076,0,False,
Goldman Sachs Group Inc,09/30/2021,0.46523186299060754,0.4546361848510699,0.010595678139537656,0,False,
Goldman Sachs Group Inc,12/31/2021,0.5128767660105218,0.4898273155175638,0.02304945049295798,0,False,
Goldman Sachs Group Inc,03/31/2022,0.5058171031607415,0.4688996498874762,0.03691745327326529,0,False,
Goldman Sachs Group Inc,06/30/2022,0.5138646868404341,0.4677394638290553,0.04612522301137878,0,False,
Goldman Sachs Group Inc,12/31/2022,0.5225833478841436,0.48844345328094296,0.03413989460320066,0,False,
Goldman Sachs Group Inc,12/31/2023,0.5680191662410681,0.5072052570636947,0.06081390917737339,1,False,
Goldman Sachs Group Inc,06/30/2024,0.5091688589925322,0.4628417022344132,0.04632715675811899,0,False,
Goldman Sachs Group Inc,09/30/2024,0.5459917506574519,0.4938903677329733,0.05210138292447858,0,False,
Goldman Sachs Group Inc,09/30/2025,0.5661435914188385,0.5455249119300437,0.02061867948879481,1,False,
Goldman Sachs Group Inc,12/31/2025,0.6131119177400112,0.5869868571579117,0.026125060582099513,1,False,
